"","N_True"
"1",9142
"2",8841
"3",8907
"4",9179
"5",9208
"6",9156
"7",9411
"8",9352
"9",9224
"10",9270
"11",9321
"12",9368
"13",8850
"14",9303
"15",9130
"16",8961
"17",9057
"18",9232
"19",9204
"20",8940
"21",9135
"22",9083
"23",9136
"24",9118
"25",9427
"26",9264
"27",8831
"28",8986
"29",9022
"30",9385
"31",8890
"32",9069
"33",9049
"34",9117
"35",9444
"36",9071
"37",8810
"38",9537
"39",8938
"40",9300
"41",9158
"42",8905
"43",8710
"44",8886
"45",9308
"46",9189
"47",9147
"48",9243
"49",8952
"50",9075
"51",9411
"52",9212
"53",8886
"54",9309
"55",9337
"56",9311
"57",9043
"58",9038
"59",8931
"60",9256
"61",8941
"62",8682
"63",8906
"64",9326
"65",8899
"66",9279
"67",9146
"68",9152
"69",9423
"70",9167
"71",9327
"72",9312
"73",9154
"74",9585
"75",9036
"76",9156
"77",9485
"78",9158
"79",9112
"80",9373
"81",9174
"82",9531
"83",9226
"84",9001
"85",8969
"86",8945
"87",9555
"88",9027
"89",9071
"90",9148
"91",8811
"92",8880
"93",9140
"94",8748
"95",9134
"96",9302
"97",8905
"98",8809
"99",8771
"100",9402
"101",9318
"102",9689
"103",8982
"104",8889
"105",9156
"106",8804
"107",9514
"108",9066
"109",8996
"110",9009
"111",9244
"112",8772
"113",9379
"114",9285
"115",9091
"116",9667
"117",9592
"118",9130
"119",9395
"120",9573
"121",9176
"122",9212
"123",9128
"124",9087
"125",9378
"126",9376
"127",8999
"128",9157
"129",9191
"130",8770
"131",9117
"132",9139
"133",9133
"134",8974
"135",8711
"136",8820
"137",8905
"138",9140
"139",8989
"140",9368
"141",9193
"142",9321
"143",9282
"144",8966
"145",9104
"146",9179
"147",9168
"148",9127
"149",8938
"150",9367
"151",9023
"152",9332
"153",9394
"154",9103
"155",9158
"156",9557
"157",8841
"158",9345
"159",9152
"160",8899
"161",9123
"162",9095
"163",9309
"164",9055
"165",9115
"166",8836
"167",8927
"168",8907
"169",9096
"170",9333
"171",9492
"172",9132
"173",8913
"174",9242
"175",9266
"176",9049
"177",9084
"178",9298
"179",9106
"180",9274
"181",9301
"182",9311
"183",8971
"184",9318
"185",8844
"186",9317
"187",8777
"188",9119
"189",9168
"190",9479
"191",9344
"192",9478
"193",9226
"194",8503
"195",9063
"196",9067
"197",9221
"198",9248
"199",9167
"200",9252
